"","grp.grp"
"FREI1","6"
"ALD1","1"
"ALD2","1"
"FREI2","6"
"FREI3","6"
"RIETH1","1"
"RIETH2","3"
"TROSS1","4"
"TROSS2","4"
"SCHLI1","4"
"SCHLI2","4"
"SCHLI3","5"
"ALD3","1"
"ALD4","1"
"RIETH3","5"
"RIETH4","3"
"TROSS3","5"
"TROSS4","5"
"ALD5","1"
"RIETH5","5"
"RIETH6","5"
"TROSS6","5"
"FREI6","6"
"ALD6","1"
"ALD7","1"
"ALD8","1"
"BOHHAS1","3"
"FREI7","6"
"FREI8","6"
"ALD10","1"
"ALD9","1"
"RIETH7","1"
"RIETH8","5"
"BOHHAS2","3"
"FREI10","4"
"SCHLI4","5"
"SCHLI5","5"
"SCHLI6","5"
"ALD11","1"
"FREI11","6"
"FREI12","6"
"SCHLI7","4"
"FREI13","6"
"FREI14","6"
"FREI15","6"
"FREI16","4"
"BOHBU1","3"
"BOHHAS3","3"
"ALD13","1"
"ALD14","1"
"FREI17","6"
"FREI18","4"
"RIETH10","5"
"ALD15","1"
"RIETH11","3"
"RIETH12","4"
"TROSS7","5"
"BOHBU2","3"
"BOHHAS5","3"
"BOHHAS6","5"
"ALD16","1"
"ALD17","1"
"BOHBU3","1"
"BOHHAS7","3"
"RIETH13","3"
"RIETH14","5"
"TROSS8","5"
"TROSS9","5"
"FREI19","6"
"FREI20","6"
"FREIBRUM1","4"
"BOHHAS10","3"
"BOHHAS11","1"
"BOHHAS8","3"
"BOHHAS9","3"
"UEBERL117","1"
"UEBERL118","1"
"UEBERL119","1"
"UEBERL120","1"
"UEBERL121","1"
"UEBERL122","1"
"UEBERL123","1"
"UEBERL124","1"
"UEBERL125","1"
"UEBERL126","1"
"UEBERL127","1"
"UEBERL128","1"
"UEBERL129","1"
"UEBERL130","1"
"FREI21","6"
"FREI22","6"
"FREIBRUM2","4"
"FREIBRUM3","4"
"UEBERL131","1"
"UEBERL132","1"
"UEBERL133","2"
"UEBERL134","1"
"UEBERL135","1"
"UEBERL136","1"
"UEBERL137","1"
"UEBERL138","1"
"UEBERL139","1"
"UEBERL140","1"
"UEBERL141","1"
"UEBERL142","1"
"UEBERL143","1"
"ALD18","1"
"ALD19","1"
"RIETH15","1"
"RIETH16","3"
"TROSS10","5"
"TROSS11","5"
"FREI23","6"
"FREI24","6"
"BOHBU4","3"
"ALD20","1"
"ALD21","1"
"RIETH17","5"
"RIETH18","5"
"SCHLI8","4"
"SCHLI9","4"
"TROSS12","5"
"TROSS13","5"
"ALD22","1"
"ALD23","5"
"RIETH19","5"
"RIETH20","5"
"TROSS14","5"
"TROSS15","5"
"BOHBU5","4"
"BOHHAS12","3"
"FREIBRUM4","4"
"ALD24","1"
"ALD25","1"
"TROSS16","5"
"TROSS17","5"
"BOHBU6","4"
"ALD26","1"
"ALD27","3"
"TROSS18","5"
"TROSS19","4"
"FREI28","4"
"ALD28","1"
"ALD29","1"
"RIETH21","5"
"SCHLI10","4"
"TROSS20","5"
"BOHBU10","3"
"BOHBU7","3"
"BOHBU8","1"
"BOHBU9","4"
"ALD30","1"
"RIETH22","4"
"BOHBU11","3"
"BOHBU12","3"
"BOHBU13","3"
"BOHBU14","3"
"BOHBU15","1"
"FREI29","6"
"FREI30","4"
"ALD31","1"
"RIETH23","5"
"RIETH24","4"
"TROSS21","5"
"TROSS22","5"
"SCHLIGR3","4"
"SCHLIGR4","4"
"SCHLIGR7","4"
"BOHBU16","3"
"FREI31","6"
"FREI32","6"
"FREI33","6"
"FREI34","6"
"SCHLIGR119","4"
"SCHLIGR121","4"
"SCHLIGR126","4"
"SCHLIGR127","5"
"SCHLIGR128","4"
"SCHLIGR131","4"
"SCHLIGR132","5"
"SCHLIGR136","4"
"SCHLIGR137","4"
"SCHLIGR139","4"
"SCHLIGR142","4"
"SCHLIGR143","4"
"SCHLIGR145","4"
"SCHLIGR147","4"
"SCHLIGR149","4"
"SCHLIGR150","4"
"SCHLIGR152","4"
"SCHLIGR154","4"
"SCHLIGR156","4"
"SCHLIGR159","4"
"SCHLIGR160","4"
"SCHLIGR163","4"
"SCHLIGR164","4"
"SCHLIGR173","4"
"SCHLIGR175","4"
"SCHLIGR177","4"
"SCHLIGR180","4"
"SCHLIGR183","5"
"SCHLIGR184","4"
"SCHLIGR187","4"
"SCHLIGR189","4"
"BOHBU17","3"
"BOHBU18","3"
"BOHBU19","3"
"BOHBU21","3"
"BOHBU22","3"
"BOHBU23","3"
"SCHLIDR1","5"
"UEBERL1","1"
"SCHLIGR10","4"
"SCHLIGR11","4"
"SCHLIGR12","5"
"SCHLIGR8","4"
"FREI35","6"
"FREI36","6"
"BOHBU24","3"
"BOHBU25","3"
"BOHHAS14","3"
"BOHHAS15","3"
"BOHHAS16","2"
"BOHHAS17","3"
"UEBERL2","2"
"FREI38","6"
"FREI39","6"
"FREI40","6"
"SCHLIDR2","5"
"SCHLIDR3","5"
"BOHBU27","1"
"BOHBU28","1"
"BOHBU29","3"
"BOHBU30","1"
"BOHBU31","3"
"BOHBU32","3"
"BOHBU33","3"
"BOHHAS18","1"
"BOHHAS19","5"
"UEBERL4","1"
"UEBERL5","1"
"UEBERL6","1"
"SCHLIDR10","3"
"SCHLIDR11","5"
"SCHLIDR12","5"
"SCHLIDR13","4"
"SCHLIDR14","5"
"SCHLIDR15","4"
"SCHLIDR16","3"
"SCHLIDR6","4"
"SCHLIDR7","5"
"SCHLIDR8","4"
"SCHLIDR9","5"
"SCHLIGR17","4"
"SCHLIGR18","4"
"SCHLIGR19","5"
"SCHLIGR21","2"
"BOHBU34","3"
"UEBERL7","1"
"BOHHAS22","3"
"WSL001","2"
"FREI41","6"
"FREI42","6"
"ALD33","1"
"RIETH25","4"
"BOHHAS24","3"
"BOHHAS25","3"
"FREI43","6"
"FREIBRUM5","4"
"FREIBRUM6","6"
"SCHLI87","4"
"SCHLIDR17","4"
"SCHLIDR18","4"
"SCHLIDR19","5"
"SCHLIDR20","5"
"SCHLIGR22","3"
"SCHLIGR23","1"
"SCHLIGR24","5"
"SCHLIGR25","1"
"SCHLIGR27","5"
"SCHLIGR28","3"
"BOHBU37","4"
"BOHBU39","3"
"BOHBU40","4"
"BOHBU41","1"
"BOHBU42","3"
"BOHBU43","3"
"ALD34","1"
"RIETH26","3"
"RIETH27","5"
"TROSS23","5"
"BOHHAS26","5"
"BOHHAS27","3"
"FREIBRUM7","6"
"FREIBRUM8","6"
"SCHLIDR21","5"
"SCHLIDR23","3"
"SCHLIDR24","5"
"SCHLIDR25","5"
"SCHLIDR26","3"
"SCHLIGR29","3"
"SCHLIGR30","4"
"BOHBU115","3"
"BOHBU116","5"
"ALD35","3"
"ALD36","1"
"BOHBU44","4"
"BOHBU45","3"
"RIETH28","5"
"RIETH29","5"
"TROSS24","5"
"TROSS25","5"
"BOHHAS30","1"
"BOHHAS31","1"
"SCHLI88","4"
"SCHLIDR27","4"
"SCHLIGR31","4"
"SCHLIGR32","4"
"FREI44","6"
"FREI45","6"
"FREI46","6"
"FREI47","6"
"RIETH30","3"
"RIETH31","4"
"TROSS26","5"
"TROSS27","5"
"SCHLIDR28","5"
"SCHLIGR33","4"
"ALD37","1"
"ALD38","1"
"FREI48","6"
"ALD39","1"
"ALD40","1"
"RIETH32","4"
"RIETH33","4"
"TROSS28","4"
"TROSS29","5"
"BOHBU46","4"
"SCHLI91","4"
"SCHLIGR34","4"
"ALD41","3"
"ALD42","1"
"RIETH34","5"
"TROSS30","5"
"FREI49","6"
"UEBERL8","1"
"ALD43","1"
"ALD44","1"
"FREIBRUM11","4"
"RIETH35","3"
"RIETH36","5"
"TROSS32","5"
"UEBERL9","1"
"ALD45","1"
"RIETH37","4"
"RIETH38","5"
"TROSS34","5"
"TROSS35","5"
"UEBERL11","1"
"UEBERL12","1"
"TROSS36","5"
"TROSS37","5"
"UEBERL13","1"
"BOHBU49","3"
"UEBERL14","2"
"BUR1","6"
"BUR2","6"
"FREI51","6"
"SCHLIGR35","4"
"SCHLIGR38","3"
"SCHLIGR39","5"
"SCHLIGR40","5"
"FREI52","6"
"FREI53","6"
"BUR3","3"
"SCHIF1","1"
"SCHIF2","1"
"SCHIF3","3"
"BOHBU51","5"
"BOHBU52","1"
"BOHBU53","3"
"BOHBU54","2"
"BOHBU55","1"
"UEBERL15","1"
"UEBERL16","5"
"UEBERL17","1"
"SCHLIDR30","5"
"SCHLIGR44","5"
"BOHHAS34","3"
"BUR10","6"
"BUR11","6"
"BUR12","6"
"BUR13","6"
"BUR14","6"
"BUR15","6"
"BUR4","6"
"BUR5","6"
"BUR6","6"
"BUR7","6"
"BUR8","6"
"BUR9","6"
"NEUCH2","1"
"UST1","5"
"UST2","1"
"UST3","5"
"UST4","5"
"UST5","1"
"UST6","5"
"UST7","5"
"KON1","3"
"UEBERL18","1"
"BOHBU56","1"
"BOHBU57","4"
"BOHHAS36","3"
"BOHHAS37","1"
"SCHLIDR33","5"
"FREI54","4"
"FREI55","4"
"BUR16","6"
"BUR17","6"
"BUR19","6"
"BUR21","6"
"BUR22","6"
"BUR23","6"
"BUR24","6"
"BUR25","6"
"BUR28","6"
"BUR29","6"
"BUR30","6"
"BUR31","6"
"BUR32","5"
"BUR33","6"
"BUR37","6"
"BUR38","6"
"ALD47","1"
"ALD48","1"
"FREI56","6"
"RIETH39","5"
"RIETH40","1"
"BOHHAS39","3"
"FRIC1","3"
"FRIC10","3"
"FRIC11","3"
"FRIC12","3"
"FRIC13","3"
"FRIC14","3"
"FRIC15","3"
"FRIC16","3"
"FRIC17","3"
"FRIC18","3"
"FRIC19","3"
"FRIC2","3"
"FRIC20","3"
"FRIC3","3"
"FRIC4","3"
"FRIC5","3"
"FRIC6","3"
"FRIC7","3"
"FRIC9","3"
"SCHLIDR34","5"
"SCHLIDR35","5"
"BOHBU135","4"
"BOHBU136","1"
"BOHBU137","3"
"BOHBU138","3"
"BOHBU139","5"
"BOHBU140","5"
"BOHBU141","4"
"BOHBU142","3"
"BOHBU143","3"
"BOHBU144","4"
"BOHBU145","1"
"BOHBU146","3"
"BOHBU147","1"
"BOHBU148","3"
"BOHBU149","3"
"BOHBU150","5"
"BOHBU151","3"
"BOHBU152","3"
"BOHBU153","3"
"BOHBU154","1"
"BOHBU155","1"
"BOHBU156","5"
"BOHBU157","1"
"BOHBU158","3"
"BOHBU159","3"
"BOHBU160","5"
"BOHBU161","1"
"BOHBU162","5"
"BOHBU163","3"
"BOHBU164","3"
"BOHBU165","3"
"BOHBU166","4"
"BOHBU167","3"
"BOHBU168","3"
"BOHBU169","1"
"BOHBU170","3"
"BOHBU171","3"
"UEBERL144","1"
"UEBERL145","1"
"UEBERL146","1"
"UEBERL147","1"
"UEBERL148","1"
"UEBERL149","3"
"UEBERL150","1"
"UEBERL151","1"
"UEBERL152","2"
"UEBERL153","1"
"UEBERL154","1"
"UEBERL155","1"
"UEBERL156","1"
"UEBERL157","1"
"UEBERL158","1"
"UEBERL159","1"
"UEBERL160","1"
"UEBERL161","1"
"UEBERL162","2"
"UEBERL163","1"
"UEBERL164","1"
"UEBERL165","1"
"UEBERL166","1"
"UEBERL167","1"
"UEBERL168","1"
"UEBERL169","1"
"UEBERL170","1"
"UEBERL171","1"
"UEBERL172","1"
"UEBERL173","1"
"UEBERL174","1"
"UEBERL175","1"
"UEBERL176","1"
"UEBERL177","1"
"UEBERL178","1"
"UEBERL179","1"
"UEBERL180","1"
"UEBERL181","1"
"FREI57","6"
"FREIBRUM12","6"
"ALD49","3"
"ALD50","3"
"BUR39","5"
"BUR40","6"
"BUR41","6"
"BUR42","6"
"BUR43","6"
"BUR44","6"
"BUR45","6"
"BUR46","6"
"BUR47","6"
"BUR49","6"
"BUR50","6"
"BUR51","6"
"BUR52","6"
"BUR53","6"
"BUR54","6"
"BUR56","6"
"BUR57","6"
"BUR58","6"
"BUR59","6"
"RIETH41","4"
"RIETH42","4"
"SCHIF4","1"
"SCHIF5","1"
"SCHIF7","3"
"UST10","5"
"UST11","1"
"UST12","5"
"UST15","1"
"UST16","1"
"UST17","1"
"UST18","3"
"UST9","1"
"FRIC22","3"
"FRIC23","3"
"FRIC24","3"
"FRIC25","3"
"FRIC26","3"
"FRIC27","3"
"FRIC29","3"
"FRIC30","5"
"FRIC31","3"
"FRIC32","3"
"FRIC33","3"
"FRIC34","3"
"FRIC35","3"
"FRIC36","3"
"SCHLIGR46","5"
"ALD51","3"
"ALD52","5"
"KON3","1"
"KON4","1"
"NEUCH4","1"
"NEUCH5","1"
"RIETH43","4"
"RIETH44","4"
"SCHIF8","1"
"UST21","5"
"UST22","1"
"UST23","1"
"UST24","3"
"UST25","4"
"UST26","1"
"UST27","5"
"UST29","5"
"UST30","1"
"BUR60","6"
"BUR61","6"
"BUR62","6"
"BUR63","6"
"BUR64","6"
"BUR67","6"
"BUR68","6"
"FREI59","6"
"FRIC37","1"
"FRIC38","3"
"FRIC39","1"
"FRIC40","3"
"FRIC41","3"
"FRIC42","1"
"FRIC43","3"
"FRIC44","3"
"FRIC45","3"
"FRIC46","3"
"FRIC47","3"
"FRIC48","3"
"FRIC49","3"
"SCHLIDR37","5"
"UEBERL20","1"
"UEBERL21","1"
"UEBERL22","1"
"UEBERL23","1"
"UEBERL24","1"
"BOHHAS41","1"
"BOHHAS42","3"
"ALD53","1"
"ALD54","1"
"BOHBU60","5"
"BOHBU61","5"
"FREI60","6"
"FREIBRUM13","6"
"FREIBRUM14","6"
"NEUCH6","1"
"RIETH45","5"
"UEBERL26","1"
"BUR69","6"
"BUR70","6"
"BUR71","6"
"BUR72","6"
"BUR73","6"
"BUR74","6"
"ALD55","1"
"RIETH47","5"
"RIETH48","4"
"UST31","1"
"BOHBU63","5"
"BOHBU64","4"
"FRIC50","1"
"FRIC51","1"
"FRIC52","3"
"FRIC53","1"
"FRIC54","1"
"BOHBU65","5"
"BOHBU66","4"
"RIETH50","5"
"RIETH51","5"
"UEBERL28","1"
"UEBERL29","1"
"UEBERL30","1"
"UST33","3"
"UST34","1"
"SCHLIDR38","1"
"BOHBU67","3"
"FREI61","6"
"FREIBRUM16","6"
"UEBERL31","1"
"ALD59","3"
"ALD60","1"
"RIETH52","4"
"RIETH53","3"
"BOHBU68","4"
"UEBERL32","5"
"UEBERL33","1"
"BOHBU69","1"
"UEBERL34","1"
"SCHLIDR39","5"
"UST36","1"
"FRIC55","1"
"UEBERL35","1"
"FREI63","6"
"SCHLIGR49","4"
"SCHLIGR50","5"
"UEBERL36","1"
"UEBERL38","1"
"FREI66","6"
"FREI67","6"
"SCHIF11","1"
"BARB2","4"
"SCHLIGR55","4"
"SCHLIGR58","4"
"SCHLIGR60","4"
"SCHLIGR62","4"
"SCHLIGR63","4"
"SCHLIGR67","4"
"UEBERL39","3"
"SCHLI95","5"
"SCHLI96","4"
"SCHIF12","1"
"SCHIF13","1"
"FREI68","6"
"SCHLIGR75","4"
"SCHLIGR76","4"
"SCHLIGR77","4"
"SCHLIGR78","4"
"SCHLIGR85","4"
"BOHBU70","3"
"BOHBU72","3"
"BOHBU74","1"
"UEBERL41","1"
"UEBERL42","3"
"UEBERL43","1"
"UEBERL44","1"
"UEBERL48","1"
"UEBERL50","1"
"BOHBU76","4"
"BOHBU77","5"
"BOHHAS43","1"
"SCHIF14","1"
"SCHIF15","1"
"SCHIF16","1"
"SCHIF17","1"
"SCHLIDR40","3"
"SCHLIDR41","3"
"SCHLIDR42","5"
"SCHLIGR87","4"
"SCHLIGR88","5"
"SCHLIGR90","4"
"SCHLIGR91","4"
"SCHLIGR92","4"
"SCHLIGR93","5"
"BUR75","6"
"UST37","1"
"SCHIF18","1"
"SCHIF19","1"
"SCHLIGR97","4"
"SCHLIGR98","4"
"ALD62","1"
"ALD63","1"
"BOHBU78","3"
"BOHBU79","5"
"BOHHAS45","5"
"BOHHAS46","3"
"UEBERL53","2"
"UEBERL54","1"
"UEBERL55","2"
"BOHBU80","3"
"BOHBU81","3"
"BUR76","6"
"UEBERL56","1"
"UEBERL57","1"
"UEBERL58","1"
"UEBERL59","1"
"UST38","3"
"UST39","4"
"UST40","5"
"UST41","4"
"FRIC56","3"
"SCHLIDR43","5"
"SCHLIDR45","5"
"UEBERL61","3"
"UEBERL62","1"
"BOHBU117","1"
"BOHBU119","4"
"BOHBU121","3"
"BOHBU122","3"
"FRIC57","3"
"FRIC58","4"
"RIETH54","3"
"RIETH55","3"
"UST42","5"
"UST43","1"
"KON8","1"
"SCHIF20","1"
"SCHIF21","1"
"SCHIF22","1"
"SCHLIDR46","5"
"SCHLIGR102","4"
"SCHLIGR103","4"
"ALD64","1"
"BOHHAS47","3"
"BOHHAS48","3"
"BOHBU82","1"
"BOHBU83","4"
"ALD65","1"
"ALD66","1"
"KON10","1"
"KON11","2"
"KON12","1"
"KON13","1"
"KON9","1"
"RIETH56","3"
"RIETH57","5"
"SCHLIGR106","4"
"UEBERL64","2"
"UEBERL66","2"
"FREI71","6"
"FREI72","6"
"NEUCH10","1"
"NEUCH8","1"
"BUR78","6"
"BUR79","6"
"SCHIF23","1"
"UEBERL67","1"
"UEBERL68","1"
"UEBERL69","1"
"UEBERL71","1"
"BOHBU85","5"
"BOHBU86","3"
"BOHBU87","1"
"BOHBU88","1"
"BOHBU90","1"
"BOHBU91","3"
"BUR80","6"
"BUR81","5"
"BUR82","5"
"NEUCH11","3"
"BOHHAS49","5"
"BOHHAS50","3"
"BOHHAS51","3"
"BOHHAS52","3"
"BOHHAS53","3"
"BOHBU92","5"
"BOHBU96","5"
"RIETH58","3"
"RIETH59","5"
"KON14","1"
"KON15","1"
"KON16","1"
"KON17","1"
"FREI74","6"
"FREI75","6"
"BUR83","6"
"KON18","3"
"KON19","5"
"RIETH60","5"
"RIETH61","5"
"UEBERL74","1"
"UEBERL75","1"
"UEBERL76","1"
"UEBERL77","2"
"SCHIF24","3"
"SCHIF25","5"
"BOHBU97","3"
"BOHBU99","4"
"ALD67","1"
"BOHBU100","5"
"BOHBU102","3"
"KON20","1"
"KON21","1"
"RIETH62","5"
"UEBERL78","1"
"UEBERL79","1"
"UEBERL81","1"
"UEBERL82","1"
"FRIC60","6"
"RIETH64","5"
"RIETH65","3"
"UEBERL83","3"
"UEBERL84","1"
"BOHBU103","1"
"BOHBU104","5"
"BOHBU105","3"
"UEBERL85","1"
"UEBERL87","3"
"UEBERL88","1"
"UEBERL89","1"
"FREI77","6"
"UEBERL91","1"
"UEBERL92","2"
"UEBERL93","1"
"BOHBU107","3"
"SCHLIDR49","5"
"SCHLIDR50","3"
"SCHLIDR51","5"
"SCHLIGR109","5"
"FREI78","6"
"BOHBU108","5"
"SCHLIDR52","5"
"SCHLIDR53","3"
"BOHBU124","1"
"BOHBU125","3"
"BOHBU126","3"
"BOHBU127","3"
"BOHBU128","4"
"BOHBU131","4"
"BOHBU132","3"
"BOHBU133","3"
"UEBERL100","1"
"UEBERL102","1"
"UEBERL98","1"
"UEBERL99","1"
"FREI82","6"
"FREI83","6"
"SCHLIDR59","5"
"UEBERL103","1"
"UEBERL104","1"
"UEBERL105","1"
"UEBERL107","1"
"UEBERL108","1"
"UEBERL109","1"
"UEBERL110","5"
"UEBERL111","1"
"UEBERL112","1"
"UEBERL115","3"
"BUR85","6"
"SCHLIDR61","5"
"SCHLIDR62","5"
"BUR86","6"
"BUR87","6"
"BUR88","6"
"NEUCH12","3"
"BOHBU112","3"
"BUR90","6"
"BUR91","6"
"SCHLIDR67","3"
"SCHLIDR68","4"
"SCHLIDR69","5"
"SCHLIDR70","3"
"SCHLIDR71","3"
"SCHLIDR72","3"
"SCHLIDR73","5"
"SCHLIDR74","5"
"FREI80","6"
"ALD70","1"
"ALD71","1"
"RIETH67","5"
"FREI81","6"
"BOHBU113","1"
"SCHIF28","1"
"BRU002","6"
"LIM004","3"
"LIM005","1"
"LIM006","1"
"LIM007","1"
"LIM009","1"
"BRU006","6"
"BRU007","6"
"BRU008","6"
"BRU009","6"
"BRU010","6"
"BRU012","6"
"LIM011","4"
"LIM012","4"
"LIM013","3"
"LIM014","1"
"LIM015","1"
"LIM016","1"
"LIM017","1"
"BOHBU176","3"
"BRU013","6"
"BRU014","6"
"BRU016","6"
"BRU017","6"
"BRU018","4"
"BRU019","6"
"BRU020","6"
"BRU023","6"
"FREI100","6"
"FREI102","6"
"FREI103","6"
"FREI104","6"
"FREI105","6"
"FREI106","6"
"FREI107","6"
"FREI108","6"
"FREI109","6"
"FREI110","6"
"FREI111","6"
"FREI112","6"
"FREI113","6"
"FREI114","6"
"FREI86","6"
"FREI87","6"
"FREI88","6"
"FREI90","6"
"FREI93","6"
"FREI94","6"
"FREI95","6"
"FREI96","6"
"FREI97","6"
"FREI98","6"
"FREI99","6"
"LIM018","1"
"SCHLIDR76","4"
"SCHLIGR234","4"
"WSL002","2"
"WSL003","2"
"WSL004","2"
"WSL005","2"
"WSL006","2"
"WSL007","2"
"WSL008","2"
"WSL009","2"
"WSL010","2"
"SCHIF29","1"
"SCHIF30","1"
"BUR98","6"
"KON24","5"
"LIM019","1"
"LIM020","1"
"LIM022","5"
"LIM023","1"
"NEUCH13","1"
"SCHIF32","1"
"SCHIF33","1"
"SCHIF34","1"
"WSL011","2"
"WSL012","2"
"BRU025","6"
"BRU026","3"
"BRU031","3"
"BRU032","6"
"BRU033","6"
"BRU034","6"
"BRU035","6"
"BRU036","6"
"BOHBU178","3"
"BOHBU179","5"
"BOHBU180","5"
"BOHBU181","3"
"BOHBU183","5"
"SCHIF35","1"
"SCHIF36","1"
"FRIC61","3"
"SCHLIDR80","5"
"SCHLIDR81","5"
"SCHLIDR82","5"
"SCHLIDR83","5"
"SCHLIDR84","5"
"SCHLIDR85","5"
"SCHLIDR86","5"
"SCHLIDR87","5"
"SCHLIGR270","4"
"BOHBU185","1"
"BOHBU186","3"
"BOHBU187","3"
"BOHBU188","1"
"BOHBU189","1"
"BUR102","6"
"BUR104","6"
"BUR105","6"
"BUR106","6"
"BUR107","6"
"BUR109","6"
"BUR110","6"
"BUR111","6"
"BUR112","6"
"BUR114","6"
"BUR115","6"
"BUR116","6"
"BUR117","6"
"BUR119","6"
"BUR120","6"
"KON31","1"
"NEUCH16","1"
"NEUCH17","1"
"NEUCH19","1"
"NEUCH20","1"
"NEUCH21","1"
"NEUCH22","1"
"NEUCH23","1"
"NEUCH24","3"
"NEUCH25","1"
"NEUCH26","5"
"WSL013","2"
"WSL014","2"
"WSL015","2"
"WSL016","2"
"WSL017","2"
"WSL018","2"
"WSL019","2"
"WSL020","2"
"WSL021","2"
"WSL022","2"
"WSL023","2"
"WSL024","2"
"BRU038","6"
"BRU039","6"
"BRU040","6"
"BRU041","6"
"BRU043","6"
"BRU044","6"
"BRU045","6"
"BRU046","6"
"BRU048","6"
"BRU049","6"
"BRU050","6"
"BRU051","6"
"BRU053","6"
"BRU054","6"
"LIM025","1"
"LIM027","1"
"LIM028","4"
"LIM029","1"
"LIM030","1"
"LIM031","1"
"SCHIF37","1"
"SCHIF38","1"
"SCHIF39","1"
"SCHIF40","1"
"SCHIF41","1"
"BOHBU190","5"
"BOHBU191","3"
"BOHBU192","3"
"BOHBU194","1"
"BOHBU195","1"
"BOHBU196","1"
"BOHBU197","1"
"BOHBU198","5"
"BOHBU200","3"
"BOHBU202","3"
"BOHBU203","3"
"BOHBU204","3"
"BOHBU205","5"
"BUR124","6"
"BUR125","6"
"BUR126","6"
"BUR127","6"
"BRU057","6"
"BRU058","6"
"BRU060","6"
"BRU063","6"
"BRU064","6"
"BRU065","6"
"BRU066","6"
"BRU067","6"
"BRU068","6"
"BRU069","6"
"BRU070","6"
"BRU071","6"
"BRU072","6"
"BRU074","6"
"BRU075","6"
"BRU077","4"
"BRU078","3"
"BRU079","6"
"KON35","1"
"KON40","1"
"LIM032","1"
"LIM033","1"
"LIM034","1"
"LIM036","1"
"LIM037","1"
"LIM038","1"
"LIM039","3"
"LIM040","4"
"LIM041","1"
"WSL025","2"
"WSL026","2"
"WSL027","2"
"WSL028","2"
"WSL029","2"
"WSL030","2"
"WSL031","2"
"WSL032","2"
"WSL033","2"
"WSL034","2"
"WSL035","2"
"WSL036","2"
"WSL037","2"
"WSL038","2"
"WSL039","2"
"WSL040","2"
"WSL041","3"
"WSL042","2"
"WSL043","2"
"WSL044","2"
"WSL045","2"
"WSL046","2"
"WSL047","2"
"SCHLIDR88","5"
"SCHLIDR89","5"
"SCHLIDR90","5"
"SCHLIDR91","5"
"SCHLIDR92","5"
"SCHLIDR93","5"
"SCHLIDR94","5"
"SCHLIDR95","5"
"SCHLIDR96","5"
"SCHLIDR97","5"
"SCHLIDR98","5"
"SCHLIGR287","4"
"SCHLIGR290","4"
"SCHLIGR296","4"
"BOHBU207","5"
"BOHBU208","2"
"BOHBU210","1"
"BUR138","6"
"BRU080","6"
"BRU081","6"
"BRU083","6"
"BRU084","6"
"BRU085","6"
"BRU086","4"
"BRU087","6"
"BRU088","6"
"BRU089","6"
"BRU090","6"
"BRU091","6"
"BRU092","6"
"BRU093","6"
"BRU095","6"
"BRU096","6"
"BRU097","6"
"BRU099","4"
"BRU100","6"
"BRU101","6"
"BRU102","6"
"BRU103","6"
"FREI115","6"
"FREI116","6"
"FREI117","6"
"FREI121","6"
"FREI124","6"
"FREI125","6"
"FREI126","6"
"FREI128","6"
"FREI129","6"
"FREI130","6"
"FREI132","6"
"FREI137","6"
"FREI138","6"
"FREI139","6"
"FREI140","6"
"FREI141","6"
"FREI143","6"
"FREI147","6"
"KON41","1"
"KON46","1"
"KON48","1"
"KON57","5"
"KON59","1"
"KON60","5"
"KON61","1"
"KON62","1"
"KON64","1"
"KON68","1"
"LIM042","1"
"LIM043","1"
"LIM044","1"
"LIM045","1"
"LIM046","1"
"LIM047","4"
"LIM048","4"
"LIM049","1"
"LIM050","1"
"LIM051","4"
"NEUCH28","3"
"NEUCH29","1"
"NEUCH30","1"
"NEUCH31","1"
"SCHIF42","1"
"SCHIF44","1"
"SCHIF45","1"
"SCHIF46","1"
"SCHIF47","1"
"SCHLIDR100","5"
"SCHLIDR101","5"
"SCHLIDR102","5"
"SCHLIDR103","5"
"SCHLIDR104","5"
"SCHLIDR105","2"
"SCHLIDR106","5"
"SCHLIDR108","5"
"SCHLIDR109","4"
"SCHLIDR110","5"
"SCHLIDR111","4"
"SCHLIDR112","5"
"SCHLIDR113","5"
"SCHLIDR114","5"
"SCHLIDR115","4"
"SCHLIDR116","5"
"SCHLIDR117","5"
"SCHLIDR118","4"
"SCHLIDR119","5"
"SCHLIDR99","5"
"SCHLIGR303","4"
"SCHLIGR305","4"
"SCHLIGR306","4"
"SCHLIGR311","4"
"WSL048","2"
"WSL049","2"
"WSL050","2"
"WSL051","2"
"WSL052","3"
"LIM052","1"
"LIM053","1"
"SCHLIDR120","5"
"BOHBU214","3"
"BOHBU216","4"
"BOHBU219","3"
"BOHBU226","3"
"BOHBU228","5"
"BOHBU233","5"
"BOHBU234","3"
"BOHBU236","2"
"BOHBU237","3"
"BRU105","4"
"BRU106","6"
"BRU107","6"
"BRU110","6"
"FRIC62","3"
"FRIC63","3"
"FRIC64","3"
"FRIC65","3"
"FRIC66","3"
"FRIC67","3"
"FRIC68","3"
"FRIC72","3"
"KON72","1"
"KON75","2"
"KON78","1"
"KON83","1"
"LIM054","3"
"LIM055","3"
"LIM056","3"
"LIM057","3"
"LIM058","5"
"LIM059","5"
"LIM060","5"
"LIM061","4"
"LIM062","5"
"WSL053","2"
"WSL054","2"
"WSL055","2"
"WSL056","2"
"WSL057","2"
"FREI148","6"
"FREI149","6"
"FREI150","6"
"FREI151","6"
"FREI152","6"
"FREI153","6"
"FREI154","6"
"FREI155","6"
"BRU114","6"
"BRU115","6"
"BRU116","6"
"BRU118","6"
"BRU119","6"
"BRU120","6"
"BRU121","6"
"HAN001","3"
"KON84","1"
"KON93","1"
"KON96","1"
"LIM063","3"
"LIM064","3"
"LIM065","3"
"LIM066","3"
"LIM067","3"
"LIM068","4"
"LIM069","6"
"LIM070","6"
"LIM071","4"
"LIM072","1"
"SCHLIDR121","4"
"SCHLIDR122","4"
"WSL058","2"
"WSL059","2"
"BOHBU240","3"
"BOHBU241","2"
"BOHBU242","3"
"BOHBU246","4"
"BOHBU247","5"
"BOHBU248","1"
"BRU123","6"
"BRU124","6"
"BRU128","6"
"KON100","1"
"KON102","1"
"KON97","1"
"KON98","2"
"LIM073","6"
"LIM074","1"
"BOHBU253","4"
"BOHBU254","4"
"BOHBU255","5"
"BOHBU257","4"
"BOHBU259","4"
"BOHBU260","4"
"BOHBU261","4"
"BOHBU262","5"
"BOHBU263","4"
"BOHBU264","4"
"HAN035","3"
"HAN036","3"
"HAN037","3"
"HAN038","3"
"LIM075","3"
"LIM076","3"
"BRU129","6"
"BRU130","6"
"BRU131","6"
"BRU132","6"
"BRU133","6"
"HAN027","3"
"HAN028","3"
"HAN029","3"
"HAN030","3"
"HAN031","3"
"KON109","1"
"NEUCH39","1"
"NEUCH40","1"
"BRU135","6"
"LIM078","5"
"LIM079","3"
"LIM080","1"
"HAN032","3"
"HAN033","3"
"HAN040","2"
"WSL060","2"
"LIM082","1"
"LIM083","3"
"LIM085","1"
"LIM086","1"
"LIM087","1"
"BOHBU265","1"
"BOHBU266","1"
"BOHBU267","3"
"BOHBU268","3"
"HAN041","2"
"HAN042","2"
"HAN045","2"
"HAN046","2"
"HAN047","2"
"HAN048","2"
"HAN049","2"
"HAN050","2"
"HAN051","2"
"HAN052","2"
"LIM090","1"
"LIM092","3"
"LIM093","1"
"LIM094","3"
"BRU137","6"
"BRU140","6"
"LIM095","1"
"LIM096","3"
"LIM097","1"
"LIM098","1"
"LIM099","4"
"WSL061","2"
"WSL062","2"
"WSL063","2"
"WSL064","2"
"WSL065","2"
"WSL066","2"
"WSL067","2"
"BOHBU269","3"
"BOHBU270","3"
"BOHBU271","1"
"BOHBU272","3"
"BOHBU273","3"
"BOHBU274","1"
"BOHBU275","3"
"BOHBU276","1"
"BOHBU277","3"
"BOHBU278","3"
"BOHBU279","3"
"BOHBU280","3"
"BOHBU281","3"
"BOHBU282","5"
"BOHBU283","3"
"BOHBU284","3"
"BOHBU285","3"
"BOHBU286","1"
"HAN002","3"
"HAN003","3"
"HAN004","3"
"HAN005","3"
"HAN006","3"
"HAN008","3"
"SCHLIGR337","4"
"WSL068","2"
"WSL069","2"
"WSL070","2"
"WSL071","2"
"WSL072","2"
"WSL073","2"
"WSL074","2"
"WSL075","2"
"FREI156","6"
"FREI157","6"
"FREI158","6"
"FREI159","6"
"FREI160","6"
"FREI161","6"
"FREI162","6"
"FREI163","6"
"FREI164","6"
"FREI165","6"
"FREI166","6"
"FREI167","6"
"FREI168","6"
"FREI169","6"
"FREI170","6"
"FREI171","6"
"FREI172","6"
"FREI173","6"
"FREI174","6"
"FREI175","6"
"FREI176","6"
"FREI177","6"
"FREI179","6"
"FREI180","6"
"FREI182","6"
"FREI183","6"
"FREI185","6"
"FREI186","6"
"FREI187","6"
"FREI188","6"
"FREI189","6"
"FREI190","6"
"FREI191","6"
"FREI192","6"
"FREI193","6"
"FREI194","6"
"FREI195","6"
"FREI196","6"
"FREI197","6"
"FREI198","6"
"FREI199","6"
"FREI200","6"
"FREI201","6"
"FREI202","6"
"FREI203","6"
"FREI204","6"
"HAN009","3"
"HAN055","2"
"BOHBU287","1"
"BOHBU288","1"
"BOHBU289","3"
"BOHBU290","3"
"BOHBU291","3"
"BOHBU292","1"
"BOHBU293","3"
"LIM100","3"
"LIM101","3"
"LIM102","4"
"LIM103","3"
"LIM104","1"
"LIM105","1"
"SCHLIGR344","4"
"BRU141","6"
"BRU142","6"
"BRU143","4"
"FRIC75","3"
"FRIC76","3"
"LIM106","1"
"LIM107","1"
"LIM108","3"
"LIM109","3"
"LIM110","4"
"LIM111","1"
"LIM112","4"
"LIM113","3"
"WSL076","2"
"WSL077","2"
"WSL078","2"
"WSL079","2"
"WSL080","2"
"WSL081","2"
"WSL082","2"
"WSL083","2"
"WSL084","2"
"WSL085","2"
"WSL086","2"
"WSL087","2"
"WSL088","2"
"WSL089","2"
"BOHBU296","4"
"BOHBU297","1"
"BOHBU298","3"
"BOHBU299","5"
"BOHBU300","5"
"BOHBU301","1"
"BOHBU302","3"
"BOHBU303","1"
"BOHBU304","5"
"BOHBU305","1"
"BOHBU306","3"
"BOHBU308","1"
"BOHBU309","5"
"BOHBU310","5"
"BOHBU311","5"
"FREI205","6"
"FREI206","6"
"FREI207","6"
"FREI208","6"
"FREI209","6"
"FREI210","6"
"FREI211","6"
"FREI212","6"
"FREI214","6"
"FREI215","6"
"FREI217","6"
"FREI218","6"
"FREI219","6"
"FREI220","6"
"FREI221","6"
"FREI222","6"
"FREI223","6"
"FREI224","6"
"FREI225","6"
"FREI226","6"
"FREI227","6"
"FREI228","6"
"FREI229","6"
"FREI230","6"
"FREI231","6"
"FREI233","6"
"FRIC77","3"
"FRIC78","3"
"FRIC79","3"
"KON119","1"
"KON120","1"
"KON122","1"
"HAN010","3"
"HAN011","3"
"LIM114","3"
"LIM115","4"
"LIM116","3"
"LIM117","3"
"LIM118","3"
"LIM119","3"
"LIM120","3"
"LIM121","1"
"LIM122","1"
"LIM123","1"
"LIM124","1"
"LIM125","1"
"LIM126","3"
"LIM127","3"
"LIM128","1"
"LIM129","3"
"SCHLIGR352","4"
"SCHLIGR354","4"
"SCHLIGR355","5"
"WSL090","2"
"WSL091","2"
"WSL092","2"
"WSL093","2"
"WSL094","2"
"WSL095","2"
"WSL096","2"
"BOHBU312","4"
"BOHBU313","5"
"FREI234","6"
"FREI235","6"
"FREI236","6"
"FREI238","6"
"FREI240","5"
"FREI242","6"
"FREI243","6"
"FREI245","6"
"FREI247","5"
"FREI249","6"
"FRIC80","6"
"WSL097","2"
"WSL098","2"
"WSL099","2"
"WSL100","2"
"WSL101","2"
"WSL102","2"
"WSL103","2"
"WSL104","3"
"WSL105","2"
"WSL106","2"
"WSL107","2"
"WSL108","2"
"WSL109","2"
"WSL110","2"
"WSL111","2"
"WSL112","2"
"LIM130","4"
"LIM131","3"
"LIM132","4"
"LIM133","3"
"LIM134","4"
"LIM135","4"
"LIM136","4"
"SCHIF48","1"
"SCHIF49","1"
"FRIC81","3"
"FRIC82","3"
"FRIC83","3"
"FRIC84","3"
"FRIC85","3"
"FRIC86","3"
"KON125","2"
"KON126","1"
"KON127","1"
"KON128","1"
"BOHBU315","1"
"BOHBU316","3"
"BOHBU317","5"
"BOHBU318","3"
"BOHBU319","1"
"BOHBU320","3"
"BOHBU321","1"
"BOHBU322","3"
"BOHBU323","1"
"BOHBU324","1"
"BOHBU325","1"
"BOHBU326","1"
"BOHBU327","1"
"BOHBU328","3"
"BOHBU329","1"
"BOHBU330","3"
"BOHBU331","3"
"BOHBU332","1"
"BOHBU333","3"
"BOHBU334","3"
"BOHBU335","3"
"BOHBU336","1"
"BOHBU337","3"
"BOHBU338","1"
"BRU147","4"
"LIM137","1"
"LIM138","1"
"LIM139","1"
"LIM140","1"
"LIM141","1"
"LIM142","1"
"LIM143","1"
"LIM144","3"
"LIM145","1"
"LIM146","1"
"LIM147","1"
"FREI251","6"
"FREI253","6"
"FREI257","6"
"FREI258","6"
"FREI261","6"
"FREI262","6"
"FREI263","6"
"FREI266","6"
"FREI267","6"
"FREI268","6"
"FREI269","6"
"FREI272","6"
"FREI274","6"
"FREI275","6"
"FREI276","6"
"FRIC100","3"
"FRIC101","3"
"FRIC102","3"
"FRIC103","3"
"FRIC104","3"
"FRIC106","3"
"FRIC107","3"
"FRIC87","3"
"FRIC88","3"
"FRIC89","3"
"FRIC90","3"
"FRIC91","3"
"FRIC92","3"
"FRIC93","3"
"FRIC95","3"
"FRIC96","3"
"FRIC99","3"
"BOHBU339","3"
"BOHBU340","2"
"BOHBU341","5"
"BOHBU342","3"
"BOHBU343","4"
"BOHBU344","1"
"BOHBU345","1"
"BOHBU346","3"
"BOHBU347","3"
"BOHBU348","3"
"BOHBU349","3"
"BOHBU350","1"
"BOHBU351","3"
"BOHBU352","3"
"BOHBU353","1"
"BOHBU355","3"
"BOHBU358","3"
"KON129","5"
"KON132","1"
"KON134","1"
"SCHLIDR123","5"
"SCHLIDR124","4"
"SCHLIDR125","4"
"WSL113","2"
"BRU148","1"
"LIM148","4"
"LIM149","1"
"LIM150","1"
"LIM151","4"
"LIM152","4"
"LIM153","4"
"LIM154","1"
"LIM155","1"
"LIM156","1"
"LIM157","1"
"LIM158","4"
"LIM159","3"
"BOHBU360","5"
"BOHBU361","5"
"BOHBU362","4"
"BOHBU363","4"
"BOHBU364","5"
"BOHBU365","5"
"BOHBU366","1"
"BOHBU367","4"
"BOHBU368","1"
"BOHBU369","5"
"BOHBU370","4"
"BOHBU371","4"
"BOHBU372","1"
"BOHBU373","4"
"BOHBU374","1"
"BOHBU375","3"
"BOHBU376","2"
"BOHBU377","1"
"BOHBU378","3"
"BOHBU379","1"
"BOHBU380","3"
"BOHBU381","1"
"BOHBU382","5"
"BOHBU383","3"
"BOHBU384","4"
"BOHBU385","4"
"BOHBU386","5"
"BOHBU387","3"
"BOHBU388","3"
"BOHBU389","5"
"BOHBU390","4"
"BOHBU391","1"
"FRIC109","3"
"FRIC110","3"
"FRIC111","3"
"FRIC112","3"
"FRIC113","3"
"FRIC114","3"
"FRIC115","3"
"FRIC116","3"
"FRIC117","3"
"FRIC118","3"
"FRIC119","3"
"FRIC120","3"
"FRIC121","3"
"FRIC122","3"
"FRIC123","3"
"FRIC124","3"
"HAN012","3"
"HAN013","3"
"HAN056","2"
"WSL114","2"
"WSL115","2"
"WSL116","2"
"WSL117","2"
"WSL118","2"
"BRU150","6"
"LIM160","1"
"BOHBU392","5"
"BOHBU393","3"
"BOHBU394","5"
"BOHBU395","3"
"BOHBU396","4"
"BOHBU397","4"
"BOHBU398","5"
"BOHBU400","4"
"BOHBU401","3"
"BOHBU402","4"
"BOHBU404","4"
"BOHBU405","4"
"BOHBU406","3"
"BOHBU407","3"
"BOHBU408","4"
"BOHBU410","1"
"FRIC125","3"
"FRIC126","3"
"FRIC127","3"
"FRIC128","1"
"FRIC129","3"
"FRIC130","3"
"HAN014","3"
"HAN015","5"
"KON135","3"
"KON136","1"
"KON137","1"
"WSL119","2"
"WSL120","2"
"BOHBU411","5"
"BOHBU412","3"
"BOHBU413","3"
"BOHBU414","5"
"BOHBU415","5"
"BOHBU416","5"
"BOHBU417","2"
"BOHBU418","5"
"BOHBU419","5"
"BOHBU420","5"
"FRIC131","3"
"HAN057","2"
"HAN058","2"
"KON138","1"
"KON139","1"
"KON140","1"
"FRIC132","3"
"FRIC133","3"
"FRIC134","3"
"HAN059","2"
"WSL121","2"
"BOHBU421","1"
"BOHBU422","5"
"BOHBU423","4"
"BOHBU424","4"
"BOHBU425","1"
"BOHBU426","5"
"BOHBU427","4"
"KON141","1"
"HAN016","3"
"HAN034","3"
"LIM161","3"
"BOHBU428","1"
"BOHBU429","5"
"KON142","1"
"HAN061","2"
"HAN062","2"
"BOHBU430","5"
"BOHBU431","4"
"BOHBU432","5"
"BOHBU433","3"
"BOHBU434","1"
"BOHBU435","1"
"BRU154","6"
"BRU155","1"
"BRU157","3"
"BRU158","6"
"BRU159","6"
"BRU161","6"
"BRU162","6"
"BRU164","6"
"HAN065","2"
"HAN066","2"
"BRU166","6"
"BRU167","6"
"BRU168","6"
"BRU170","6"
"BRU172","6"
"BRU173","6"
"WSL122","2"
"BOHBU436","3"
"BOHBU437","2"
"BOHBU438","5"
"LIM162","3"
"LIM164","3"
"LIM165","1"
"LIM167","1"
"LIM168","1"
"LIM169","1"
"BRU178","3"
"LIM170","1"
"LIM171","3"
"LIM172","1"
"LIM173","3"
"WSL123","2"
"HAN017","3"
"WSL124","2"
"WSL125","2"
"BRU182","3"
"BRU183","3"
"BRU186","3"
"HAN067","2"
"HAN068","2"
"BRU187","4"
"BRU188","6"
"BRU189","6"
"BRU190","6"
"BRU191","4"
"BRU193","6"
"BRU194","6"
"BUR146","6"
"LIM174","4"
"LIM175","3"
"LIM176","1"
"LIM177","3"
"LIM178","4"
"HAN069","2"
"HAN070","2"
"HAN071","2"
"BOHBU439","3"
"BOHBU440","5"
"BOHBU441","3"
"BOHBU442","3"
"HAN019","3"
"HAN020","3"
"HAN021","1"
"HAN022","3"
"HAN023","3"
"BRU195","6"
"BRU196","6"
"BRU197","6"
"BRU198","6"
"BRU199","6"
"BRU201","6"
"HAN024","3"
"LIM179","3"
"LIM180","1"
"LIM181","1"
"LIM182","1"
"LIM183","4"
"LIM184","1"
"LIM185","4"
"LIM186","1"
"LIM187","4"
"LIM188","3"
"LIM189","4"
"LIM190","4"
"WSL126","2"
"BRU202","6"
"BRU203","6"
"BRU204","6"
"BRU205","6"
"BRU206","6"
"BRU207","6"
"BRU208","3"
"BRU209","3"
"BRU210","6"
"BRU211","6"
"BRU212","3"
"BRU214","3"
"BRU215","3"
"BRU216","3"
"BRU217","3"
"BRU218","3"
"BRU219","4"
"BRU220","6"
"BRU221","6"
"BRU222","6"
"BRU223","6"
"BRU224","5"
"BRU225","2"
"BRU226","6"
"LIM191","3"
"LIM193","4"
"LIM194","4"
"LIM195","4"
"LIM196","1"
"LIM197","3"
"LIM198","3"
"LIM199","1"
"LIM200","4"
"LIM201","4"
"LIM203","1"
"LIM204","3"
"LIM205","4"
"LIM206","1"
"BOHBU444","1"
"BOHBU446","5"
"BUR147","6"
"BUR148","6"
"WSL127","2"
"WSL128","2"
"WSL129","2"
"BRU227","3"
"BRU230","3"
"BRU231","3"
"BRU232","3"
"BRU233","4"
"BRU234","6"
"BRU235","6"
"BRU236","6"
"BUR151","6"
"BUR152","6"
"BUR153","6"
"BUR154","6"
"LIM207","4"
"LIM208","4"
"LIM210","1"
"LIM211","4"
"LIM212","1"
"LIM213","4"
"LIM214","3"
"WSL130","2"
"WSL131","2"
"BOHBU448","3"
"BOHBU449","5"
"BOHBU450","5"
"BOHBU451","3"
"BOHBU452","4"
"BOHBU455","4"
"BOHBU456","4"
"BOHBU457","4"
"BOHBU458","5"
"BOHBU459","4"
"BOHBU460","3"
"BOHBU461","5"
"BOHBU462","5"
"BOHBU463","1"
"BOHBU464","4"
"BOHBU465","5"
"KON144","1"
"KON145","1"
"KON146","1"
"KON147","1"
"KON148","1"
"KON149","1"
"KON150","1"
"KON151","1"
"BRU237","3"
"BRU238","3"
"BRU239","3"
"BUR156","6"
"BUR157","6"
"BUR158","6"
"BUR159","6"
"BUR160","6"
"BUR161","6"
"BUR163","6"
"BUR164","6"
"BUR165","6"
"BUR166","6"
"BOHBU466","3"
"BOHBU467","3"
"BOHBU468","3"
"BOHBU469","4"
"BOHBU470","4"
"BOHBU471","4"
"BOHBU472","1"
"BOHBU473","4"
"BOHBU474","3"
"BOHBU475","3"
"BOHBU477","3"
"BOHBU478","4"
"KON152","1"
"KON153","3"
"KON154","1"
"KON155","1"
"KON156","1"
"KON157","1"
"KON158","1"
"KON159","1"
"KON160","1"
"KON161","1"
"KON162","3"
"KON164","1"
"LIM216","1"
"LIM218","1"
"LIM219","3"
"LIM220","1"
"LIM221","1"
"LIM222","3"
"LIM223","1"
"LIM225","1"
"LIM226","1"
"LIM227","1"
"LIM228","1"
"WSL132","2"
"WSL133","2"
"WSL134","2"
"BRU240","3"
"BRU241","3"
"BRU242","3"
"BUR167","6"
"BUR168","6"
"BUR169","6"
"BUR172","6"
"BUR173","6"
"BUR174","6"
"BUR175","6"
"BUR176","6"
"BUR177","6"
"BUR178","6"
"LIM229","1"
"LIM230","1"
"LIM231","1"
"LIM232","3"
"LIM233","1"
"LIM234","3"
"BOHBU482","5"
"BOHBU485","3"
"BOHBU494","5"
"BOHBU495","4"
"BOHBU503","3"
"BOHBU504","3"
"BOHBU508","4"
"BOHBU509","3"
"BOHBU510","1"
"BOHBU512","1"
"KON166","1"
"KON167","1"
"KON168","1"
"KON169","1"
"KON171","1"
"KON172","1"
"KON173","1"
"KON174","1"
"BRU244","3"
"BRU245","3"
"BRU246","3"
"BRU247","3"
"BRU248","1"
"BUR180","6"
"BUR181","6"
"BUR182","6"
"BUR183","6"
"BUR184","6"
"BUR185","6"
"GEN007","1"
"LIM235","3"
"LIM236","3"
"KON176","1"
"KON177","1"
"KON178","1"
"KON179","1"
"KON180","1"
"KON181","3"
"KON182","2"
"KON183","1"
"KON184","1"
"BOHBU521","1"
"BOHBU522","1"
"BOHBU524","4"
"BUR186","6"
"LIM237","6"
"LIM238","3"
"HAN025","3"
"LIM239","3"
"KON185","1"
"KON186","1"
"HAN074","2"
"HAN075","2"
"HAN076","2"
"WSL135","2"
"WSL136","2"
"WSL137","2"
"WSL138","2"
"WSL139","2"
"KON188","5"
"WSL140","2"
"WSL141","2"
"WSL142","2"
"WSL143","2"
"WSL144","2"
"WSL145","2"
"WSL146","2"
"WSL147","2"
"WSL148","2"
"WSL149","2"
"WSL150","2"
"WSL151","2"
"WSL152","2"
"WSL153","2"
"WSL154","2"
"WSL155","2"
"WSL156","2"
"WSL157","2"
"WSL158","2"
"WSL159","2"
"WSL160","2"
"WSL161","2"
"WSL162","2"
"WSL163","2"
"WSL164","2"
"WSL165","2"
"WSL166","2"
"WSL167","2"
"WSL168","2"
"WSL169","2"
"WSL170","3"
"WSL171","2"
"WSL172","2"
"WSL173","2"
"WSL174","2"
"WSL175","2"
"WSL176","2"
"WSL177","3"
"WSL178","2"
"KON193","2"
"KON195","1"
"KON196","1"
"WSL179","2"
"WSL180","2"
"WSL181","2"
"WSL182","2"
"WSL183","2"
"WSL184","2"
"WSL185","2"
"WSL186","2"
"WSL187","2"
"WSL188","2"
"WSL189","2"
"WSL190","2"
"WSL191","2"
"WSL192","2"
"WSL193","2"
"BOHBU526","5"
"BOHBU527","3"
"BOHBU528","1"
"BOHBU529","2"
"BOHBU530","5"
"BOHBU531","5"
"BOHBU532","5"
"BOHBU533","1"
"BOHBU534","5"
"BOHBU535","3"
"BOHBU536","1"
"BOHBU537","5"
"BOHBU538","5"
"BOHBU539","4"
"BOHBU540","5"
"BOHBU541","3"
"BOHBU542","3"
"BOHBU543","5"
"BOHBU544","5"
"BOHBU545","4"
"BOHBU546","1"
"BOHBU547","1"
"BOHBU548","1"
"BOHBU549","1"
"BOHBU550","1"
"BOHBU551","5"
"BOHBU552","5"
"BOHBU553","5"
"BUR202","6"
"UEBERL207","2"
"UEBERL208","1"
"UEBERL209","1"
"WSL194","2"
"WSL195","2"
"WSL196","2"
"WSL197","2"
"WSL198","2"
"WSL199","2"
"WSL200","2"
"WSL201","2"
"WSL202","2"
"KON197","1"
"KON198","1"
"KON199","2"
"KON200","3"
"KON201","1"
"KON203","1"
"BUR203","6"
"KON204","1"
"KON205","3"
"KON206","1"
"KON207","5"
"KON208","1"
"KON209","1"
"KON210","1"
"KON211","3"
"WSL203","2"
"WSL204","2"
"WSL205","2"
"WSL206","2"
"KON212","3"
"KON213","1"
"KON214","1"
"KON217","3"
"KON218","1"
"KON219","1"
"KON220","1"
"KON221","1"
"BUR216","6"
"GEN005","5"
"KON222","1"
"WSL207","2"
"BUR222","6"
"WSL208","2"
"WSL209","2"
"WSL210","2"
"BUR223","6"
"WSL211","2"
"WSL212","2"
"WSL213","2"
"BUR224","6"
"BUR225","6"
"BUR226","6"
"KON223","5"
"NEUCH41","1"
"BUR227","6"
"BUR228","6"
"BUR229","6"
"BUR230","6"
"BUR231","6"
"BUR232","6"
"BUR233","6"
"NEUCH42","1"
"WSL214","2"
"WSL215","2"
"WSL216","2"
"WSL217","2"
"WSL218","2"
"WSL219","2"
"WSL220","2"
"WSL221","2"
"KON224","5"
"BUR234","6"
"BUR235","6"
"BUR236","6"
"BUR237","6"
"BUR238","6"
"BUR239","6"
"BUR240","6"
"BUR242","6"
"BUR243","6"
"BUR244","6"
"BUR245","6"
"BUR246","6"
"BUR247","6"
"BUR248","6"
"BUR249","6"
"GEN001","1"
"GEN002","1"
"NEUCH44","1"
"NEUCH45","3"
"KON225","1"
"KON226","1"
"KON227","1"
"WSL222","2"
"WSL223","2"
"WSL224","2"
"WSL225","2"
"WSL226","2"
"WSL227","2"
"WSL228","2"
"WSL229","2"
"WSL230","2"
"WSL231","2"
"WSL232","2"
"WSL233","2"
"WSL234","2"
"WSL235","2"
"WSL236","3"
"NEUCH47","1"
"WSL237","2"
"WSL238","2"
"WSL239","2"
"WSL240","2"
"WSL241","4"
"WSL242","2"
"WSL243","2"
"WSL244","2"
"WSL245","2"
"WSL246","2"
"WSL247","2"
"WSL248","2"
"WSL249","2"
"WSL250","2"
"WSL251","2"
"WSL252","2"
"KON228","5"
"KON229","5"
"KON230","1"
"KON231","5"
"KON232","1"
"KON233","1"
"KON234","1"
"BUR250","6"
"BUR251","6"
"BUR252","6"
"BUR253","6"
"BUR254","6"
"BUR255","6"
"BUR256","6"
"BUR257","6"
"BUR258","6"
"BUR259","6"
"BUR260","6"
"BUR261","6"
"BUR262","6"
"BUR263","6"
"WSL253","2"
"WSL254","2"
"WSL255","2"
"WSL256","2"
"WSL257","2"
"WSL258","2"
"WSL259","2"
"WSL260","2"
"WSL261","2"
"WSL262","2"
"WSL263","2"
"WSL264","2"
"WSL265","2"
"BUR264","6"
"BUR265","6"
"BUR266","6"
"BUR267","6"
"BUR268","6"
"BUR269","6"
"BUR270","6"
"BUR271","6"
"BUR272","6"
"BUR273","6"
"BUR274","6"
"BUR275","6"
"BUR276","6"
"BUR277","6"
"BUR278","6"
"KON235","5"
"KON236","5"
"KON237","1"
"KON238","5"
"KON239","1"
"KON240","1"
"WSL266","2"
"WSL267","2"
"WSL268","2"
"WSL269","2"
"WSL270","2"
"WSL271","2"
"WSL272","2"
"WSL273","2"
"WSL274","2"
"WSL275","2"
"WSL276","2"
"WSL277","2"
"WSL278","2"
"WSL279","2"
"KON241","2"
"KON242","1"
"KON243","1"
"BUR279","6"
"BUR280","6"
"BUR281","6"
"KON244","1"
"KON245","1"
"KON246","1"
"WSL280","2"
"WSL281","2"
"WSL282","2"
"WSL283","4"
"BUR282","6"
"BUR283","6"
"BUR284","6"
"BUR285","6"
"KON247","5"
"KON248","5"
"BUR286","6"
"BUR287","6"
"KON249","5"
"KON250","5"
"KON252","5"
"KON253","5"
"KON254","5"
"KON255","5"
"KON256","5"
"BUR289","6"
"BUR290","6"
"BUR291","6"
"BUR292","6"
"BUR296","6"
"BUR297","6"
"BUR298","6"
"BUR299","6"
"BUR300","6"
"BUR301","6"
"NEUCH49","1"
"NEUCH50","3"
"KON257","5"
"KON259","5"
"KON260","5"
"KON261","5"
"KON262","5"
"KON263","5"
"KON264","5"
"KON265","5"
"BUR302","6"
"BUR304","6"
"KON267","5"
"KON268","5"
"KON269","5"
"KON270","5"
"KON271","5"
"KON272","5"
"KON273","5"
"KON274","5"
"KON275","5"
"KON276","5"
"BUR305","6"
"BUR306","6"
"GEN003","1"
"GEN004","1"
"BUR307","6"
"GEN010","1"
"KON277","5"
"KON278","1"
"KON279","1"
"KON280","1"
"KON281","1"
"KON282","1"
"BUR309","6"
"BUR310","6"
"BUR311","6"
"BUR312","6"
"BUR313","6"
"BUR315","6"
"KON283","1"
"KON284","1"
"KON285","1"
"KON286","1"
"KON288","1"
"BUR316","6"
"BUR318","6"
"GEN011","1"
"GEN012","1"
"GEN013","1"
"KON290","5"
"KON291","5"
"KON292","5"
"KON293","5"
"KON294","5"
"KON295","5"
"KON296","5"
"KON297","5"
"KON298","5"
"KON300","5"
"KON302","5"
"KON303","5"
"KON304","3"
"KON305","1"
"KON306","5"
"KON307","5"
"KON308","5"
"KON309","5"
"KON310","5"
"KON311","1"
"KON312","1"
"KON313","5"
"KON314","1"
"SCHIF51","1"
"HAN072","2"
"HAN073","3"
